Di,Do,mdot_pipe,Pi,Po,dP,Ti,To,dT
0.1351,0.225,37.54289,506625,460376.255910537,46248.7440894634,338.257349999985,338.25500981435,0.00234018563548943
0.0732,0.14,5.36234,460376.255910537,435866.10437104,24510.1515394961,338.25500981435,338.196125084687,0.0588847296621111
0.1351,0.225,26.81795,460376.255910537,436123.565723518,24252.6901870183,338.25500981435,338.243703436239,0.0113063781109872
0.0732,0.14,5.36293,436123.565723518,411607.806594638,24515.7591288799,338.243703436239,338.184840814525,0.0588626217138994
0.0311,0.09,0,436123.565723518,436123.565723518,0,338.243703436239,331.225241895683,7.01846154055602
0.0857,0.16,16.09158,436123.565723518,345791.02936822,90332.5363552981,338.243703436239,338.239540700834,0.00416273540417933
0.0732,0.14,5.36234,345791.02936822,321279.424971627,24511.6043965933,338.239540700834,338.180678123075,0.0588625777594984
0.0732,0.14,5.36403,345791.02936822,321264.849639655,24526.1797285649,338.239540700834,338.180701064354,0.0588396364802861
