Di,Do,mdot_pipe,Pi,Po,Ti,To
0.1351,0.3351,12,101325,96015.7661902315,338.149999999607,338.130238304676
0.1351,0.3351,1.5,96015.7661902315,95894.9042902094,338.130238304676,337.962908096307
0.1351,0.3351,9,96015.7661902315,92906.9619297048,338.130238304676,338.103016555817
0.1351,0.3351,1.5,92906.9619297048,92786.0912798138,338.103016555817,337.935771259909
0.1351,0.3351,1.5,92906.9619297048,92786.0912798138,338.103016555817,337.935771259909
0.1351,0.3351,4.5,92906.9619297048,92036.3313068737,338.103016555817,338.047332782957
0.1351,0.3351,1.5,92036.3313068737,91915.4427677792,338.047332782957,337.880265107264
0.1351,0.3351,1.5,92036.3313068737,91915.4427677792,338.047332782957,337.880265107264
