Di,Do,mdot_pipe,Pi,Po,dP,Ti,To,dT
0.0857,0.16,10.7262102670642,315007.638188392,273528.904784504,41478.7334038877,338.352175048557,338.327218256606,0.0249567919514675
0.0857,0.16,16.0882102670642,405300,315007.638188392,90292.3618116078,338.356399999937,338.352175048557,0.0042249513802517
0.0574,0.125,5.36387026706416,273528.904784504,190494.758522203,83034.146262301,338.327218256606,338.289987387591,0.0372308690144223
0.0857,0.16,10.72637,190494.758522203,149010.884160303,41483.8743619008,338.289987387591,338.265073060583,0.024914327007707
0.0574,0.125,5.36293,149010.884160303,65996.9797979995,83013.9043623031,338.265073060583,338.229432631541,0.0356404290425871
0.0574,0.125,5.36249973293584,273488.332617297,190494.758522203,82993.5740950932,338.327232141562,338.289987387591,0.0372447539706968
0.0857,0.16,10.7265297329358,314969.423886367,273488.332617297,41481.0912690702,338.35218748532,338.327232141562,0.0249553437583927
0.0857,0.16,16.0917397329358,405300,314969.423886367,90330.5761136333,338.356399999937,338.35218748532,0.00421251461727934
