Di,Do,mdot_pipe,Pi,Po,dP,Ti,To,dT
0.1351,0.225,16.09027466724,506625,497423.613408508,9201.38659149152,338.257349999628,338.232316802941,0.025033196687275
0.0732,0.14,5.36234361975,497423.613408508,472913.16830369,24510.4451048187,338.232316802941,338.173457395292,0.0588594076486402
0.1351,0.225,5.36532871127,497423.613408508,496224.069432998,1199.54397551069,338.232316802941,335.646448452815,2.58586835012551
0.0732,0.14,5.36292629942,496224.069432998,471641.057393815,24583.0120391824,335.646448452815,335.590625113776,0.0558233390390797
0.0311,0.09,0,496224.069432998,496224.069432998,0,335.646448452815,331.225238044451,4.42121040836474
0.0857,0.16,-5.36104056293,496224.069432998,507486.285091145,-11262.2156581476,335.646448452815,333.19666101965,2.44978743316568
0.0732,0.14,-16.0902746672,507486.285091145,708971.60989041,-201485.324799264,333.19666101965,333.175498520141,0.0211624995086481
0.0732,0.14,5.36402566163,507486.285091145,482831.26585302,24655.0192381256,333.19666101965,333.143704052909,0.0529569667406236
