Di,Do,mdot_pipe,Pi,Po,dP,Ti,To,dT
0.0857,0.16,10.725,517669.919725034,476200.069250602,41469.8504744321,338.249063962756,338.224161723068,0.0249022396872647
0.0574,0.125,5.3624,184325.294876078,101325,83000.2948760784,338.210985152832,338.17381789723,0.0371672556022418
0.0857,0.16,16.08734,607950,517669.919725034,90280.0802749662,338.253249999815,338.249063962756,0.0041860370592417
0.0857,0.16,10.72637,607950,566471.611782018,41478.3882179821,338.253249999815,338.228349379999,0.0249006198155826
0.0574,0.125,5.36293,566471.611782018,483468.91014623,83002.701635788,338.228349379999,338.191197540457,0.0371518395418207
0.0857,0.16,16.09158,607950,517624.016982773,90325.9830172273,338.253249999815,338.249078886977,0.00417111283803706
0.0857,0.16,10.72755,517624.016982773,476135.348277676,41488.6687050966,338.249078886977,338.224188262215,0.0248906247619516
0.0574,0.125,5.36234,476135.348277676,393146.967317109,82988.380960567,338.224188262215,338.187034786952,0.0371534752628691
