Di,Do,mdot_pipe,Pi,Po,dP,Ti,To,dT
0.0857,0.16,10.7262103006559,315019.890170728,273550.312004627,41469.5781661007,338.639644681701,338.614512036448,0.0251326452529383
0.0857,0.16,16.0882103006559,405300,315019.890170728,90280.109829272,338.643999999935,338.639644681701,0.00435531823450219
0.0574,0.125,5.36387030065594,273550.312004627,190533.032487851,83017.2795167761,338.614512036448,338.576996802101,0.0375152343469836
0.0857,0.16,10.72637,190533.032487851,149058.297298924,41474.7351889276,338.576996802101,338.552035585127,0.0249612169740772
0.0574,0.125,5.36293,149058.297298924,66061.245538057,82997.0517608666,338.552035585127,338.516576137931,0.0354594471959331
0.0574,0.125,5.36249969934406,273509.742516811,190533.032487851,82976.7100289595,338.614521457191,338.576996802101,0.0375246550898396
0.0857,0.16,10.7265296993441,314981.67787441,273509.742516811,41471.9353575993,338.639657136047,338.614521457191,0.0251356788564294
0.0857,0.16,16.0917396993441,405300,314981.67787441,90318.3221255898,338.643999999936,338.639657136047,0.00434286388832561
